# x_1,x_2,Class_label
3.91057632e+01,3.60630731e+02,1
-2.09788257e+01,3.86838971e+02,0
5.86906675e+01,2.92033735e+02,1
4.45006576e+01,3.48060956e+02,1
4.13281135e+01,3.55985197e+02,1
5.73462898e+01,3.04521319e+02,1
3.68071623e+01,3.53117126e+02,1
5.61710476e+01,3.03728867e+02,1
-1.40737205e+01,3.43959409e+02,0
5.48681996e+01,3.26982553e+02,1
-1.21584266e+01,3.58327710e+02,0
3.97449188e+01,3.42551265e+02,1
-1.33190614e+01,3.34795318e+02,0
-2.08275348e+01,3.50437113e+02,0
2.84955887e+01,3.71490726e+02,1
1.15891157e+01,4.18803233e+02,1
-1.43721697e+01,3.40858803e+02,0
4.13482291e+01,3.46471206e+02,1
-1.01491686e+01,3.47152268e+02,0
4.54925560e+01,3.39244148e+02,1
5.35220993e+01,2.97128955e+02,1
5.20272366e+01,3.21976929e+02,1
-5.71628617e+00,2.93702041e+02,0
-2.03788531e+01,3.79815842e+02,0
-1.89384359e+01,3.53607058e+02,0
-1.50472141e+01,3.57367855e+02,0
4.50764225e+01,3.39790899e+02,1
5.47800752e+01,3.16837910e+02,1
5.09499603e+01,3.18878648e+02,1
3.03497259e+01,3.64797293e+02,1
-1.89236326e+01,3.93111700e+02,0
-1.65344577e+01,3.82308028e+02,0
4.64186689e+01,3.47639804e+02,1
4.96277404e+01,3.43308547e+02,1
3.82305370e+01,3.56686939e+02,1
-1.22009815e+01,3.25313727e+02,0
5.51820163e+01,3.05848534e+02,1
-7.03731759e+00,3.00455803e+02,0
-1.03356207e+01,3.13813357e+02,0
3.88497955e+01,3.62433687e+02,1
-4.74880326e+00,3.09915453e+02,0
6.61779927e+01,2.99307762e+02,1
-1.53020421e+01,3.61303627e+02,0
-1.66574067e+01,3.64707270e+02,0
-1.74096149e+01,4.25621463e+02,0
4.17509030e+01,3.52524120e+02,1
4.60044960e+01,3.35926841e+02,1
-1.40471074e+01,3.46395287e+02,0
-1.25424546e+01,3.39132614e+02,0
-1.52338192e+01,3.17957437e+02,0
-8.28754341e+00,3.19078926e+02,0
3.84348835e+01,3.53325488e+02,1
-1.38818446e+01,3.29601072e+02,0
-2.10222385e+01,3.59966741e+02,0
-1.22192721e+01,3.23598029e+02,0
-6.20519636e+00,2.89989090e+02,0
-1.78694473e+01,3.73771104e+02,0
4.73379724e+01,3.26017786e+02,1
-1.27967214e+01,3.27679753e+02,0
-1.11570985e+01,3.45393408e+02,0
-5.64754980e+00,2.93098750e+02,0
3.46761387e+01,3.53225486e+02,1
-1.88796095e+01,4.01315042e+02,0
-8.35510317e+00,3.42366359e+02,0
-1.76858210e+01,3.86032312e+02,0
-1.62207644e+01,3.28369035e+02,0
-1.26150532e+01,3.48235463e+02,0
4.01787249e+01,3.51718067e+02,1
5.26005863e+01,3.11493754e+02,1
-1.28816336e+01,2.88448682e+02,0
2.79330176e+01,3.64318978e+02,1
5.00761663e+01,3.20314017e+02,1
3.00029307e+01,3.62649640e+02,1
4.35611928e+01,3.35783569e+02,1
2.47046280e+01,3.99152446e+02,1
-1.68650308e+01,3.49290708e+02,0
-1.25532902e+01,3.36132446e+02,0
-1.39063214e+01,3.49325118e+02,0
-1.65626022e+01,3.81301225e+02,0
3.71931553e+01,3.61837382e+02,1
-1.08104600e+01,3.28142540e+02,0
-1.77203528e+01,3.47398439e+02,0
-4.77048472e+00,2.93480971e+02,0
5.40147420e+01,3.06343159e+02,1
-1.48976120e+01,3.00734115e+02,0
4.43572216e+01,3.37537617e+02,1
3.66944661e+01,3.64508979e+02,1
-9.47400938e+00,3.08881061e+02,0
4.96525774e+01,3.32933224e+02,1
-9.57231835e+00,3.10786422e+02,0
5.82271573e+01,3.08753081e+02,1
3.23596306e+01,3.54461325e+02,1
-5.71631032e+00,2.89261855e+02,0
3.88206574e+01,3.50445017e+02,1
-1.11911538e+01,3.34621042e+02,0
-1.87158191e+01,3.76658002e+02,0
5.87522291e+01,3.06718065e+02,1
4.70965907e+01,3.34143116e+02,1
-6.49544978e+00,3.04342313e+02,0
-9.81584114e+00,3.31133394e+02,0
-1.48938098e+01,3.38948095e+02,0
-2.04695923e+01,3.41363553e+02,0
-1.88102239e+01,3.45459212e+02,0
-1.15073267e+01,3.34981970e+02,0
-1.77479857e+01,3.13685409e+02,0
-9.13007033e+00,3.50500734e+02,0
2.95136063e+01,3.77006683e+02,1
-4.04590313e+00,2.95721420e+02,0
-8.38409716e+00,3.48963458e+02,0
3.39670220e+01,3.70439061e+02,1
5.03324692e+01,3.29739726e+02,1
4.45646472e+01,3.48543054e+02,1
6.28811301e+01,3.08409877e+02,1
3.67343958e+01,3.61788445e+02,1
-1.35234382e+01,3.50704248e+02,0
4.06612298e+01,3.50522085e+02,1
-6.39170522e+00,3.06331918e+02,0
-1.67929109e+01,3.53772580e+02,0
5.18404503e+01,3.44172006e+02,1
-8.67462504e+00,2.92541183e+02,0
-1.93482411e+01,3.85945402e+02,0
3.01105122e+01,3.69474208e+02,1
5.08013492e+01,3.29736036e+02,1
4.60369150e+01,3.31758581e+02,1
-9.31358719e+00,3.26099445e+02,0
4.91751164e+01,3.30210412e+02,1
-1.05031094e+01,2.86809868e+02,0
2.99715052e+01,3.81921620e+02,1
-1.88772086e+01,3.83322561e+02,0
-1.06528272e+01,3.48271010e+02,0
-8.09829845e+00,3.09092925e+02,0
3.78782075e+01,3.66726186e+02,1
4.20180965e+01,3.37726572e+02,1
-5.44520041e+00,2.96983227e+02,0
-9.71312729e+00,3.02702087e+02,0
4.06714490e+01,3.43468375e+02,1
-1.05873006e+01,3.32941704e+02,0
4.78403526e+01,3.33051169e+02,1
4.43733347e+01,3.54367922e+02,1
4.25958226e+01,3.43801789e+02,1
-1.50404960e+01,3.64151355e+02,0
-1.33863203e+01,3.44266038e+02,0
-7.33409072e+00,2.62727741e+02,0
-1.99792605e+01,3.80075949e+02,0
4.96778831e+01,3.20503978e+02,1
5.89937055e+01,2.94924729e+02,1
-5.19096030e+00,2.93331129e+02,0
4.13178093e+01,3.31182262e+02,1
-1.74626219e+01,3.35480909e+02,0
4.46787124e+01,3.45783992e+02,1
5.18133693e+01,3.16676238e+02,1
4.60609406e+01,3.42327386e+02,1
-1.24716551e+01,3.37643747e+02,0
-1.38980817e+01,3.53565518e+02,0
-2.06427236e+01,3.92679855e+02,0
3.95049125e+01,3.41871687e+02,1
3.92331470e+01,3.40697723e+02,1
5.55423382e+01,3.11725237e+02,1
4.90624839e+01,3.34288144e+02,1
3.10152575e+01,3.55934572e+02,1
2.87507946e+01,3.77935068e+02,1
-9.46545500e+00,3.24261511e+02,0
5.15603836e+01,3.13648008e+02,1
-9.49372758e+00,3.08623471e+02,0
3.12535104e+01,3.64187199e+02,1
-1.43653507e+01,3.44184383e+02,0
5.11603347e+01,3.21872108e+02,1
5.22109482e+01,3.20397228e+02,1
-1.25110989e+01,3.52457182e+02,0
-7.36359677e+00,2.84956023e+02,0
-1.63636161e+01,3.63998665e+02,0
4.76463496e+01,3.38273343e+02,1
3.76453582e+01,3.63576673e+02,1
4.09095360e+01,3.68834364e+02,1
-7.95580679e+00,3.46600277e+02,0
4.89295042e+01,3.22888091e+02,1
4.42332995e+01,3.45684824e+02,1
-2.07319245e+01,3.40814550e+02,0
5.36546634e+01,3.19068154e+02,1
-5.51956831e+00,3.21800030e+02,0
6.18351469e+01,3.03739497e+02,1
-1.54625622e+01,3.23187052e+02,0
-1.77359141e+01,3.52376391e+02,0
4.99470749e+01,3.22847935e+02,1
6.95641598e+01,2.72940717e+02,1
5.08268300e+01,3.28943964e+02,1
4.69967447e+01,3.25200809e+02,1
-1.96499182e+01,3.46637896e+02,0
-1.61374595e+01,3.51789453e+02,0
-2.39324988e+01,3.72339662e+02,0
4.76045072e+01,3.36907221e+02,1
-9.54064530e+00,3.32179369e+02,0
4.48854661e+01,3.29983773e+02,1
5.21397083e+01,3.49085378e+02,1
-1.43495451e+01,3.51786501e+02,0
-1.61117125e+01,3.22362435e+02,0
5.08371606e+01,3.22238436e+02,1
3.15693956e+01,3.74539318e+02,1
3.21463912e+01,3.73785028e+02,1
4.35450791e+01,3.35915819e+02,1
5.41692416e+01,3.15948266e+02,1
-2.07310048e+01,3.71817419e+02,0
-1.31289528e+01,2.82981931e+02,0
-1.27896500e+01,3.22097737e+02,0
-6.81196432e+00,3.29172672e+02,0
-7.40222868e+00,3.12798774e+02,0
4.83918913e+01,3.28195832e+02,1
3.60735663e+01,3.57488517e+02,1
-2.13122037e+01,3.54877567e+02,0
1.87189645e+01,3.88185356e+02,1
4.52517439e+01,3.38058971e+02,1
-1.64318024e+01,3.33022176e+02,0
-1.31748950e+01,3.67700829e+02,0
3.79875676e+01,3.60995645e+02,1
5.61399425e+01,3.05609738e+02,1
4.06919609e+01,3.39586327e+02,1
-1.37408699e+01,3.41066805e+02,0
5.85078162e+01,3.05558104e+02,1
4.77732969e+01,3.33231155e+02,1
4.36351018e+01,3.41526702e+02,1
5.46857902e+01,3.09311665e+02,1
-7.42185939e+00,3.35946288e+02,0
-1.12333842e+01,3.27829330e+02,0
-1.81666269e+01,3.39916398e+02,0
6.11190984e+01,3.10752406e+02,1
-1.97499036e+01,3.46840234e+02,0
4.34114095e+01,3.39044866e+02,1
-1.47338749e+01,3.76277295e+02,0
-2.04130519e+01,3.47270728e+02,0
3.63630849e+01,3.72533829e+02,1
-2.56699682e+01,4.05428689e+02,0
4.59276833e+01,3.49332445e+02,1
4.29226128e+01,3.34564096e+02,1
-1.31334003e+01,3.78173623e+02,0
4.46449935e+01,3.68451746e+02,1
-1.07337514e+01,3.13019809e+02,0
-6.49085839e+00,3.21240629e+02,0
-1.13332483e+01,3.12014950e+02,0
-1.52909658e+01,3.88712160e+02,0
-1.30106979e+01,3.35939590e+02,0
-1.61363807e+01,3.35536336e+02,0
-1.66385775e+01,3.78910600e+02,0
7.32780938e+01,2.66937083e+02,1
4.78705787e+01,3.41504287e+02,1
-1.49097077e+01,3.65371677e+02,0
-6.18518740e+00,3.09584036e+02,0
5.51092841e+01,3.06800536e+02,1
-1.54096404e+01,3.77244227e+02,0
-6.84599371e+00,2.91394903e+02,0
5.24687055e+01,3.19477981e+02,1
3.63091402e+01,3.61599738e+02,1
-8.68657176e+00,2.70214868e+02,0
3.88313370e+01,3.63381654e+02,1
-2.68408190e+00,2.88685874e+02,0
-2.17630173e+01,3.69759460e+02,0
4.24755321e+01,3.37819729e+02,1
-1.31840426e+01,3.55087859e+02,0
-1.74334751e+01,3.54358046e+02,0
3.34665800e+01,3.65570112e+02,1
3.98461727e+01,3.78334905e+02,1
4.23279731e+01,3.45837480e+02,1
-1.05575483e+01,3.54054052e+02,0
-1.11274144e+01,3.01220585e+02,0
-1.27384729e+01,3.26368309e+02,0
3.90586375e+01,3.42885475e+02,1
-1.09770982e+01,3.08455490e+02,0
-1.56520690e+01,3.22927840e+02,0
-1.07575630e+01,3.35114147e+02,0
4.92082734e+01,3.33568392e+02,1
-1.38001607e+01,3.14214333e+02,0
-1.12441239e+01,3.15484985e+02,0
3.56581107e+01,3.58116146e+02,1
5.04793065e+01,3.36825981e+02,1
5.32652749e+01,3.30449341e+02,1
-2.30545385e+01,4.04132249e+02,0
-1.09321527e+01,3.02968470e+02,0
5.17010547e+01,3.31664342e+02,1
-1.07921177e+01,3.66913762e+02,0
2.27706447e+01,3.94217223e+02,1
4.54940633e+01,3.45927994e+02,1
-1.57610974e+01,3.05464738e+02,0
-1.75690538e+01,3.56962681e+02,0
-2.02829274e+01,3.79364046e+02,0
4.12839519e+01,3.58863912e+02,1
5.79590099e+01,3.15527796e+02,1
4.94660593e+01,3.11100212e+02,1
4.66197147e+01,3.27646029e+02,1
-1.12629714e+01,3.40324981e+02,0
-1.67029177e+01,3.53965457e+02,0
-1.72289807e+01,3.66425504e+02,0
4.77812124e+01,3.31141439e+02,1
4.31369091e+01,3.36689438e+02,1
-1.60123317e+01,3.56313703e+02,0
-1.02392808e+01,3.42274046e+02,0
-1.30930309e+01,3.37202865e+02,0
-1.21120131e+01,2.99326411e+02,0
-2.60378412e+00,2.91849425e+02,0
5.01600682e+01,3.27336057e+02,1
3.43732884e+01,3.68186589e+02,1
4.50662679e+01,3.39044965e+02,1
3.12264620e+01,3.62332832e+02,1
-8.49875884e+00,3.16698928e+02,0
-2.46698931e+01,3.55988122e+02,0
3.52003323e+01,3.57110795e+02,1
-1.98423530e+00,2.51049893e+02,0
3.11777382e+01,3.71902972e+02,1
4.85936077e+01,3.13002427e+02,1
-9.16012939e+00,3.03192253e+02,0
-2.79335469e+01,3.96160317e+02,0
5.23783530e+01,3.18598297e+02,1
-9.84063876e+00,3.16593823e+02,0
-4.86114448e+00,3.01390040e+02,0
-1.20574893e+01,3.05103799e+02,0
4.36484826e+01,3.32101964e+02,1
3.71528726e+01,3.54697069e+02,1
-1.51220466e+01,3.29627281e+02,0
-7.33640875e+00,2.85410658e+02,0
5.81452375e+01,3.05745941e+02,1
-1.56068800e+01,3.50197423e+02,0
5.56896729e+01,3.02672761e+02,1
3.01741136e+01,3.63560400e+02,1
-7.30601566e+00,2.86783340e+02,0
5.12405800e+01,3.36554491e+02,1
5.40611952e+01,3.31682818e+02,1
5.16408743e+01,3.27115739e+02,1
-3.16914278e+00,3.10589376e+02,0
-1.70131605e+01,3.64796359e+02,0
1.58665793e+00,2.69921974e+02,0
3.91957701e+01,3.38937564e+02,1
3.05161022e+01,3.82336353e+02,1
-1.27054935e+01,3.16041826e+02,0
-1.42583285e+01,3.42068536e+02,0
4.62491298e+01,3.31596570e+02,1
5.72326403e+01,2.95869060e+02,1
3.07915497e+01,3.60509547e+02,1
5.63431532e+01,3.15436830e+02,1
4.19287901e+01,3.40887097e+02,1
3.97637996e+01,3.60389088e+02,1
4.22352293e+01,3.63214868e+02,1
5.03748860e+01,3.38076218e+02,1
3.70198369e+01,3.50548485e+02,1
4.48661407e+01,3.26264243e+02,1
-9.01640893e+00,3.07823545e+02,0
-5.53510908e+00,2.93301754e+02,0
-9.76714024e+00,3.35609120e+02,0
-9.98045347e+00,3.24568994e+02,0
-9.94867532e+00,3.14776976e+02,0
3.34503454e+01,3.50713954e+02,1
-1.73698969e+01,3.38562191e+02,0
-2.11597341e+01,3.45769341e+02,0
-1.62731955e+01,3.58747770e+02,0
4.91987529e+01,3.22221961e+02,1
4.70739887e+01,3.27167988e+02,1
5.86659719e+01,3.09938049e+02,1
4.11834792e+01,3.51208295e+02,1
4.54719382e+01,3.33595046e+02,1
3.04623310e+01,3.73451798e+02,1
4.81983595e+01,3.43918386e+02,1
-1.38833681e+01,3.37154781e+02,0
5.29816743e+01,3.27302948e+02,1
-1.08745717e+01,2.95178605e+02,0
-2.05557826e+01,3.82220399e+02,0
-1.61172548e+01,3.43176672e+02,0
3.75842838e+01,3.43853917e+02,1
6.18970080e+01,2.98755571e+02,1
3.06306190e+01,3.77040611e+02,1
3.70733209e+01,3.52569498e+02,1
4.60884234e+01,3.47178850e+02,1
5.10837506e+01,3.17788035e+02,1
2.94650681e+01,3.62116874e+02,1
4.04729179e+01,3.42452559e+02,1
-1.07457565e+01,3.14808172e+02,0
-1.61217756e+01,3.55449151e+02,0
5.74424260e+01,3.06361441e+02,1
-1.62427697e+01,3.59410713e+02,0
4.82131250e+01,3.35320001e+02,1
3.92301738e+01,3.46222973e+02,1
5.26374006e+01,3.10802366e+02,1
4.79992233e+01,3.34281750e+02,1
-1.42484571e+01,3.06644079e+02,0
3.65524483e+01,3.59267734e+02,1
-1.24178622e+01,3.27257714e+02,0
-1.49894729e+01,3.36569144e+02,0
-1.29219599e+01,3.37426699e+02,0
-2.26819411e+01,3.81309700e+02,0
4.33723710e+01,3.29597502e+02,1
5.17672603e+01,3.23082133e+02,1
-3.38158818e+00,2.80544973e+02,0
3.76084069e+01,3.60340471e+02,1
-7.12315832e+00,2.93894736e+02,0
-1.69652207e+01,3.70451883e+02,0
4.74994990e+01,3.20759237e+02,1
5.40845766e+01,3.20231073e+02,1
3.55469397e+01,3.69871061e+02,1
5.67121384e+01,3.12078416e+02,1
-1.43888477e+01,3.33902926e+02,0
-3.81420008e+00,2.94702351e+02,0
4.62769459e+01,3.31856729e+02,1
3.74270336e+01,3.58296342e+02,1
-7.64412935e+00,3.14917622e+02,0
4.52556509e+01,3.47546696e+02,1
-1.40478938e+01,3.38587046e+02,0
-1.35329132e+01,3.10537810e+02,0
-1.49133640e+01,3.34500112e+02,0
-2.07901286e+01,3.70239812e+02,0
4.70882115e+01,3.43715453e+02,1
4.67934069e+01,3.40659838e+02,1
-8.41966402e+00,3.01648557e+02,0
3.37139710e+01,3.74031367e+02,1
5.35332440e+01,3.22004842e+02,1
-1.87151952e+01,3.52457668e+02,0
-1.09700264e+01,3.36215700e+02,0
-2.26762063e+01,3.42287808e+02,0
5.00014715e+01,3.26910948e+02,1
-1.45511269e+01,3.56813924e+02,0
-3.58146533e+00,3.03058815e+02,0
-8.94136028e+00,3.38263370e+02,0
-1.78500043e+01,3.82192503e+02,0
1.79819104e+01,4.05433547e+02,1
-1.55976182e+00,2.72831284e+02,0
4.00665856e+01,3.75396068e+02,1
-2.35358047e+00,2.55424374e+02,0
-4.52362192e-01,3.31803934e+02,0
-1.31904909e+01,3.29729925e+02,0
2.97346600e+01,3.62029148e+02,1
3.52719859e+01,3.71552628e+02,1
-1.53326021e+01,3.35386772e+02,0
-1.92047042e+01,3.80216624e+02,0
-1.65028987e+01,3.59594036e+02,0
-1.20857538e+01,3.03870870e+02,0
5.47481009e+01,3.16670284e+02,1
3.78134419e+01,3.56141306e+02,1
-1.34749066e+01,3.16648017e+02,0
-1.99936501e+01,3.59965021e+02,0
-1.34578731e+01,3.27761253e+02,0
5.84109409e+01,3.12513990e+02,1
-7.90754912e+00,3.53329195e+02,0
5.13462691e+01,3.30165537e+02,1
-1.60265794e+01,3.47176966e+02,0
-1.89777517e+01,3.64849757e+02,0
4.26961989e+01,3.49856923e+02,1
4.78873142e+01,3.22528429e+02,1
3.84732803e+01,3.56922668e+02,1
-1.78296374e+01,3.60218886e+02,0
5.13667237e+01,3.29327372e+02,1
6.52122412e+01,2.92311601e+02,1
3.87925574e+01,3.44571779e+02,1
-1.86206135e+01,3.47217452e+02,0
-1.82478699e+01,3.60430897e+02,0
-2.27672846e+01,3.96990809e+02,0
3.85061155e+01,3.56029854e+02,1
3.78894920e+01,3.63928395e+02,1
3.36956027e+01,3.60669172e+02,1
-1.47386207e+01,3.49277677e+02,0
4.86484479e+01,3.39350365e+02,1
4.19049163e+01,3.54675738e+02,1
-9.68005908e+00,3.16746508e+02,0
-8.95770719e+00,3.26020353e+02,0
4.73370675e+01,3.33867970e+02,1
-6.26531141e+00,3.28312301e+02,0
-8.43847576e+00,3.08005182e+02,0
-1.32988968e+01,3.41593434e+02,0
-1.79275219e+01,3.74576057e+02,0
-1.78532246e+00,2.62972964e+02,0
4.61991018e+01,3.37173556e+02,1
-7.29572263e+00,2.83307685e+02,0
3.57494875e+01,3.56256660e+02,1
-9.05844845e+00,3.11161456e+02,0
-7.94537487e+00,3.16912750e+02,0
-3.62304355e+00,3.14802806e+02,0
-1.86527273e+01,3.68580520e+02,0
-1.80124253e+01,3.66451587e+02,0
3.05339592e+01,3.69529279e+02,1
-1.32395406e+01,3.23616687e+02,0
-9.55092210e+00,3.05364548e+02,0
3.84310180e+01,3.47740791e+02,1
4.35338798e+01,3.43524114e+02,1
-1.50431767e+01,3.60743994e+02,0
-1.44051284e+01,3.28477239e+02,0
-8.83257950e+00,3.22208996e+02,0
4.79024507e+01,3.18725493e+02,1
-1.00387820e+01,2.79389442e+02,0
-1.48850098e+01,3.37776837e+02,0
-8.02669466e+00,3.42754516e+02,0
-1.00173851e+01,3.12054782e+02,0
-1.37097636e+01,3.51693957e+02,0
3.26131115e+01,3.77124943e+02,1
-7.37531109e+00,3.34198390e+02,0
3.60998662e+01,3.53604027e+02,1
5.54061868e+01,3.09969426e+02,1
-1.10988806e+01,3.06228852e+02,0
6.23775849e+01,3.06557300e+02,1
4.12973302e+01,3.55019524e+02,1
-1.20882723e+01,3.20336849e+02,0
-1.32599916e+01,3.34037631e+02,0
5.12898674e+01,3.31125681e+02,1
-1.38829845e+01,3.49408874e+02,0
4.65978179e+01,3.24503422e+02,1
-8.23791462e+00,3.48270149e+02,0
-1.04248862e+01,3.02369388e+02,0
-1.07860781e+01,3.24196691e+02,0
6.32873877e+01,2.97289079e+02,1
4.90317765e+01,3.17192788e+02,1
6.27195569e+01,2.96367479e+02,1
-1.65032677e+01,3.47796515e+02,0
4.52537813e+01,3.56147207e+02,1
5.45516486e+01,3.15979568e+02,1
5.47709200e+01,3.27857570e+02,1
4.19402895e+01,3.48913494e+02,1
4.89862408e+01,3.34259137e+02,1
-1.47714917e+01,3.78610320e+02,0
-4.59538970e+00,3.12803260e+02,0
-8.56024279e+00,3.17461817e+02,0
4.78216336e+01,3.21196501e+02,1
-1.93210364e+01,3.67973165e+02,0
-1.92775612e+01,3.78224163e+02,0
4.48266752e+01,3.32397275e+02,1
3.34002692e+01,3.69000645e+02,1
-1.15473312e+01,2.77723755e+02,0
4.09798280e+01,3.42552246e+02,1
3.77525782e+01,3.45435934e+02,1
2.04221265e+01,3.98802925e+02,1
5.47046476e+01,3.18938867e+02,1
-5.24027367e+00,2.62392472e+02,0
4.55727091e+01,3.38926649e+02,1
5.59077483e+01,3.18932762e+02,1
4.68043733e+01,3.31600418e+02,1
-1.41696271e+01,3.66559381e+02,0
-1.32755330e+01,3.45473451e+02,0
6.69519761e+01,3.03532428e+02,1
4.95889408e+01,3.31345018e+02,1
4.98495924e+01,3.44040781e+02,1
4.29405987e+01,3.42560717e+02,1
-6.00347709e-01,2.81952594e+02,0
4.74772571e+01,3.30075746e+02,1
-1.37202031e+01,3.14739425e+02,0
-5.29254667e+00,2.99727259e+02,0
5.74169070e+01,3.06003982e+02,1
5.63177526e+01,2.99516702e+02,1
-1.09750523e+01,3.21519991e+02,0
-1.83015556e+01,3.61470391e+02,0
-5.15186415e+00,3.11343428e+02,0
4.30706384e+01,3.37570782e+02,1
-1.95765970e+01,3.81271703e+02,0
4.55912239e+01,3.35352193e+02,1
4.05928811e+01,3.40050179e+02,1
-1.60145331e+01,3.55973552e+02,0
-1.44243274e+01,3.43137374e+02,0
5.87480465e+01,3.10933826e+02,1
-1.66453938e+01,3.65815812e+02,0
-1.80850032e+01,3.72919614e+02,0
3.26904832e+01,3.75298434e+02,1
-2.43388385e+01,3.49010165e+02,0
6.08001546e+01,3.12086931e+02,1
-5.13120578e+00,2.62741450e+02,0
-1.07953277e+01,3.25198322e+02,0
-2.02650773e+01,3.57279850e+02,0
3.73101877e+01,3.58950995e+02,1
-1.16262577e+01,3.27459682e+02,0
-1.66826509e+01,3.48975710e+02,0
6.09770068e+01,2.93990989e+02,1
-1.90868900e+01,3.56989931e+02,0
-1.33781294e+01,3.18511788e+02,0
-1.79789592e+01,3.37232682e+02,0
-1.07114591e+01,3.49602737e+02,0
-2.78658057e+00,2.33166057e+02,0
4.46647042e+01,3.28861079e+02,1
-1.73082170e+01,3.85779829e+02,0
4.85997786e+01,3.43797971e+02,1
4.61299153e+01,3.25743858e+02,1
-1.43124730e+01,3.58616732e+02,0
2.57950411e+01,3.77177524e+02,1
-3.30573098e+00,2.86110273e+02,0
-1.43925156e+01,3.51690211e+02,0
3.57760806e+01,3.47211420e+02,1
-1.19198084e+01,3.56381317e+02,0
5.45690422e+01,3.04368887e+02,1
-1.46925300e+01,3.36375195e+02,0
-1.19466968e+01,3.53897697e+02,0
-1.03780816e+01,3.04865789e+02,0
3.23086994e+01,3.76469391e+02,1
-2.43767142e+01,4.11311377e+02,0
-8.07642886e+00,2.97872539e+02,0
4.03601385e+01,3.38088410e+02,1
3.89243974e+01,3.61366634e+02,1
-1.01184757e+01,3.17649454e+02,0
4.07260306e+01,3.41348264e+02,1
-1.49608490e+01,3.56294712e+02,0
4.47181220e+01,3.29307154e+02,1
5.46479977e+01,2.99862719e+02,1
-2.03496956e+01,3.55589416e+02,0
-1.71998123e+01,3.30926585e+02,0
-7.74083065e+00,3.18340201e+02,0
3.67721224e+01,3.67863034e+02,1
4.16317749e+01,3.50184409e+02,1
-1.64412892e+01,3.46466601e+02,0
-1.54663792e+01,3.45962155e+02,0
-1.17185583e+01,2.97604809e+02,0
-1.07270219e+01,3.32489130e+02,0
4.58960367e+01,3.40261838e+02,1
6.99600488e+01,2.57586215e+02,1
3.58514015e+01,3.33111473e+02,1
-1.43110302e+01,3.24308047e+02,0
2.11433175e+01,4.02253959e+02,1
4.20874797e+01,3.41375577e+02,1
-1.06361938e+01,3.13797914e+02,0
-2.14752924e+01,3.97289460e+02,0
-1.37947723e+01,3.40664522e+02,0
-8.97689363e+00,3.37146562e+02,0
-1.22766623e+01,3.16200290e+02,0
4.42072262e+01,3.33260272e+02,1
3.65890551e+01,3.55871321e+02,1
3.22969496e+01,3.63246602e+02,1
-5.65213730e+00,2.78614705e+02,0
3.80227112e+01,3.53963418e+02,1
3.93103446e+01,3.55539024e+02,1
3.40238170e+01,3.61419027e+02,1
5.87285668e+01,3.07159003e+02,1
-1.81662308e+01,3.55327882e+02,0
2.63253044e+01,3.78123283e+02,1
-1.57647995e+01,3.51257326e+02,0
2.64345646e+01,3.71644155e+02,1
-9.20382175e+00,3.13303410e+02,0
-1.25537604e+01,3.45760701e+02,0
5.19032011e+01,3.11470540e+02,1
-1.70641806e+01,3.65973422e+02,0
-1.20649164e+01,3.28425920e+02,0
5.76419723e+01,3.09635620e+02,1
4.96096765e+01,3.40897337e+02,1
3.96664307e+01,3.43026221e+02,1
-1.39896066e+01,3.15283992e+02,0
-1.45686197e+01,3.26908732e+02,0
4.32497046e+01,3.33920022e+02,1
2.84740424e+01,3.66410302e+02,1
5.21986066e+01,3.11582636e+02,1
-4.13917649e+00,2.88332110e+02,0
3.66462785e+01,3.50918883e+02,1
-1.04422193e+01,3.09348896e+02,0
3.44376607e+01,3.59064014e+02,1
-1.01847618e+01,3.60952499e+02,0
-8.52393610e+00,2.84668960e+02,0
5.76848016e+01,3.17545119e+02,1
-2.00601576e+01,3.76058834e+02,0
-1.52324431e+01,3.54192330e+02,0
-1.44090819e+01,3.51892877e+02,0
4.72408324e+01,3.37140096e+02,1
-1.07062541e+01,3.18872147e+02,0
3.55470744e+01,3.53287968e+02,1
-1.34308468e+01,3.11175446e+02,0
-1.09072796e+01,3.22874967e+02,0
4.48934898e+01,3.39870022e+02,1
-4.70625537e+00,2.94722753e+02,0
4.19668942e+01,3.50843672e+02,1
5.45778612e+01,3.15999064e+02,1
4.02726339e+01,3.37805842e+02,1
4.63867661e+01,3.30342409e+02,1
-1.62801033e+01,3.37199958e+02,0
4.44274107e+01,3.33186188e+02,1
-1.07719876e+01,3.29226854e+02,0
5.39399904e+01,3.10294608e+02,1
5.63474112e+01,3.08033371e+02,1
3.80219277e+01,3.53736345e+02,1
-1.12722796e+01,3.11918965e+02,0
2.89154611e+01,3.68065048e+02,1
6.05848068e+01,2.92354602e+02,1
-1.66632472e+01,3.54731036e+02,0
-3.88593176e+00,2.99742371e+02,0
-1.37962006e+01,3.28059350e+02,0
-1.53138009e+01,3.85559012e+02,0
5.49239843e+01,3.15451851e+02,1
3.73640297e+01,3.54779289e+02,1
-2.00790878e+01,3.63599946e+02,0
4.93574853e+01,3.22428489e+02,1
-1.70381441e+01,3.38098391e+02,0
6.05446766e+01,2.93351850e+02,1
-2.30975248e+01,3.74710755e+02,0
-2.18652943e+01,3.56043538e+02,0
-1.55190272e+01,3.47917556e+02,0
-1.77219054e+01,3.04301133e+02,0
5.74179583e+01,3.01382982e+02,1
4.75807780e+01,3.35543191e+02,1
-7.76940335e+00,3.24755563e+02,0
-1.48812716e+01,3.17937617e+02,0
-8.76569856e+00,2.88549177e+02,0
5.82296087e+01,2.81053143e+02,1
3.28337321e+01,3.67241917e+02,1
-1.20199917e+01,3.31113311e+02,0
6.11235709e+01,3.04934956e+02,1
-2.14113301e+01,3.55078353e+02,0
3.38820717e+01,3.65949354e+02,1
-1.26734132e+01,3.28715017e+02,0
-1.49911451e+01,3.28734322e+02,0
4.05110022e+01,3.51594818e+02,1
-2.57967702e+01,3.86117385e+02,0
-1.20274327e+01,3.42973817e+02,0
-5.56254590e+00,2.87480257e+02,0
4.57296093e+01,3.40000991e+02,1
5.10812348e+01,3.28672162e+02,1
-2.27403819e+01,3.63760466e+02,0
-8.30292836e+00,3.30162584e+02,0
2.99076467e+01,3.66257717e+02,1
-8.03170577e+00,3.11401202e+02,0
4.59083597e+01,3.28612752e+02,1
4.08586090e+01,3.60025273e+02,1
3.29431329e+01,3.66926527e+02,1
4.59217289e+01,3.38350838e+02,1
-6.27587324e+00,2.85205884e+02,0
-1.01703829e+01,3.06101838e+02,0
3.44757654e+01,3.67297699e+02,1
4.20579239e+01,3.51450854e+02,1
4.58376748e+01,3.20064777e+02,1
4.81756266e+01,3.33079166e+02,1
4.90740808e+01,3.25982748e+02,1
-1.59137494e+01,3.45736348e+02,0
4.27477268e+01,3.52272518e+02,1
4.01926008e+01,3.68451422e+02,1
-1.65503532e+01,3.24459350e+02,0
-4.19372367e+00,3.15655092e+02,0
-1.43527107e+01,3.51300227e+02,0
-6.81368172e+00,3.24941787e+02,0
5.95232010e+01,2.94919763e+02,1
-1.47938451e+01,3.71459675e+02,0
5.95468187e+01,3.06209100e+02,1
5.16195402e+01,3.23916182e+02,1
3.37835958e+01,3.50506739e+02,1
-1.14087982e+01,3.33212002e+02,0
5.85485349e+01,3.19888619e+02,1
5.20819793e+01,3.21172796e+02,1
-1.55467355e+01,3.43920062e+02,0
-1.51348676e+01,3.85620049e+02,0
-1.26820643e+01,3.32687390e+02,0
3.99654080e+01,3.53832707e+02,1
5.17842890e+01,3.21258677e+02,1
3.95976999e+01,3.52865848e+02,1
6.08174571e+01,3.06718807e+02,1
3.57582496e+01,3.47481148e+02,1
-1.21865448e+01,2.99283706e+02,0
3.31089893e+01,3.70451930e+02,1
4.43008766e+01,3.55094849e+02,1
4.23107418e+01,3.38626504e+02,1
3.52755161e+01,3.61917703e+02,1
4.30975747e+01,3.51808459e+02,1
-1.66201180e+01,3.55893523e+02,0
4.52915327e+01,3.39931752e+02,1
-3.28939581e+00,2.73669473e+02,0
5.23567191e+01,3.13860073e+02,1
-9.51687337e+00,3.26955064e+02,0
4.70414462e+01,3.41587278e+02,1
4.59814829e+01,3.37458157e+02,1
4.47742064e+01,3.32370895e+02,1
-2.14056223e+01,3.69161500e+02,0
-1.00331721e+01,3.25681530e+02,0
3.81844013e+01,3.33117859e+02,1
-6.91458040e+00,3.01970187e+02,0
-1.60251941e+01,3.45377179e+02,0
5.79505190e+01,2.98701710e+02,1
4.90045995e+01,3.39281967e+02,1
4.49626923e+01,3.30721059e+02,1
3.19953616e+01,3.65426155e+02,1
-1.65272352e+01,3.42099951e+02,0
4.77663189e+01,3.42953387e+02,1
-1.51796936e+01,3.52082281e+02,0
5.24957800e+01,3.22246318e+02,1
4.60704166e+01,3.17633485e+02,1
3.87811170e+01,3.59141964e+02,1
-1.54028001e+01,3.37011544e+02,0
-1.49763018e+01,3.18771875e+02,0
-1.12038708e+01,3.13321000e+02,0
4.13756882e+01,3.51903747e+02,1
-6.48243127e+00,3.32108480e+02,0
4.84714065e+01,3.42047958e+02,1
5.41706269e+01,3.31270425e+02,1
-1.28798296e+01,3.38717934e+02,0
-1.38727884e+01,3.07051937e+02,0
-1.34616132e+01,3.30294222e+02,0
4.51963124e+01,3.38166707e+02,1
-1.17691443e+01,3.24204017e+02,0
4.07387901e+01,3.63349518e+02,1
-1.40453151e+01,3.60610947e+02,0
-1.51286349e+01,3.35334275e+02,0
-9.80340202e+00,3.46260161e+02,0
-1.94566617e+01,3.68980637e+02,0
-1.90530242e+01,3.68837162e+02,0
3.15123743e+01,3.69452468e+02,1
-8.77296496e+00,2.86854159e+02,0
4.78417837e+01,3.26670434e+02,1
-8.55887341e+00,3.02244280e+02,0
5.64136663e+01,3.17367223e+02,1
-3.76762313e+00,3.27569668e+02,0
-8.35875426e+00,3.25651539e+02,0
-1.37154093e+01,3.45796810e+02,0
4.53410693e+01,3.42366937e+02,1
4.22117129e+01,3.39623810e+02,1
-1.62542922e+01,3.33395760e+02,0
3.39137402e+01,3.72383563e+02,1
4.69668827e+01,3.36644410e+02,1
3.86268324e+01,3.50616891e+02,1
3.42186223e+01,3.74150334e+02,1
5.22963380e+01,3.16928062e+02,1
4.16010614e+01,3.35277961e+02,1
5.66593687e+01,3.00929396e+02,1
4.04998470e+01,3.36171545e+02,1
-1.96917575e+01,3.69894650e+02,0
-2.13298288e+01,3.81832864e+02,0
-4.02595895e+00,3.32451433e+02,0
-1.22471143e+01,3.49308011e+02,0
-6.38180330e+00,2.45325722e+02,0
-1.71691469e+01,3.51368995e+02,0
4.78254829e+01,3.13436830e+02,1
3.30529130e+01,3.37952529e+02,1
5.20906209e+01,3.15455474e+02,1
-1.35299016e+01,3.22227531e+02,0
4.42221388e+01,3.52186191e+02,1
4.82351151e+01,3.42612710e+02,1
3.69874805e+01,3.83961007e+02,1
-1.81017580e+01,3.54017300e+02,0
4.86999109e+01,3.42548214e+02,1
-1.42982338e+01,3.14458181e+02,0
5.40144172e+01,3.15074163e+02,1
-1.24724022e+01,3.12747657e+02,0
-1.05114968e+01,3.37997397e+02,0
3.85140569e+01,3.41605519e+02,1
4.76618326e+01,3.24724097e+02,1
-7.83184797e+00,3.16325849e+02,0
-9.29584159e+00,3.11135537e+02,0
-1.55503513e+01,3.48455045e+02,0
3.75005679e+01,3.57718247e+02,1
-1.39703338e+01,3.48398374e+02,0
4.49303225e+01,3.38730369e+02,1
-9.70748686e+00,3.40747303e+02,0
-1.49225973e+01,3.42487765e+02,0
-2.30373104e+01,4.12275691e+02,0
-7.45722979e+00,3.08524969e+02,0
6.15217040e+01,3.04526296e+02,1
4.84946440e+01,3.46067164e+02,1
-1.04720622e+01,3.12763804e+02,0
4.28168962e+01,3.36657527e+02,1
4.17161887e+01,3.51734455e+02,1
-2.29875365e+01,3.87278183e+02,0
-9.28418189e+00,3.41449827e+02,0
-1.60165525e+01,3.55245528e+02,0
3.19155958e+01,3.81577666e+02,1
2.87515023e+01,3.90886718e+02,1
-9.04694866e+00,2.97040791e+02,0
3.49289350e+01,3.62620335e+02,1
4.30403810e+01,3.51181301e+02,1
3.00819042e+01,3.71540712e+02,1
-1.58675740e+01,3.23112086e+02,0
-1.55843544e+01,3.32010065e+02,0
5.09033991e+01,3.36325707e+02,1
1.97988708e+01,4.06971336e+02,1
5.37728571e+01,3.22393842e+02,1
-1.34227337e+01,3.35999402e+02,0
5.69621082e+01,3.19823400e+02,1
1.86974194e+01,4.04670760e+02,1
5.35880254e+01,3.24060926e+02,1
-2.46999558e+00,2.90663720e+02,0
-1.79729576e+01,3.54832396e+02,0
4.77739880e+01,3.19919040e+02,1
-9.08250331e+00,2.83254302e+02,0
-1.68128672e+01,3.38544071e+02,0
-1.09434893e+01,3.55011776e+02,0
6.04493574e+01,2.93521630e+02,1
-2.22866126e+01,3.38236290e+02,0
4.27578415e+01,3.45888234e+02,1
-1.73426906e+01,3.09934769e+02,0
3.37973496e+01,3.62951940e+02,1
3.04693455e+01,3.66276141e+02,1
-1.25967051e+01,3.27101426e+02,0
-1.08010288e+01,3.58189507e+02,0
4.26234871e+01,3.37662034e+02,1
5.61968835e+01,3.06674363e+02,1
-1.05990156e+01,2.86788558e+02,0
5.53841341e+01,3.20727825e+02,1
-1.39277575e+01,3.80008384e+02,0
-5.16166316e+00,3.34460092e+02,0
-4.62018966e+00,2.86781615e+02,0
-2.43155618e+01,3.71983327e+02,0
2.78742580e+01,3.53065223e+02,1
4.68462863e+01,3.34269388e+02,1
5.51422072e+01,3.03019323e+02,1
3.94106117e+01,3.60982806e+02,1
-1.36354156e+01,3.28190505e+02,0
3.03506351e+01,3.54726094e+02,1
3.92566793e+01,3.55185899e+02,1
3.92893885e+01,3.46323897e+02,1
5.73853884e+01,3.07805523e+02,1
-1.21994097e+01,3.69289632e+02,0
5.81591200e+01,3.08683182e+02,1
3.70578349e+01,3.64445016e+02,1
2.94334332e+01,3.59640537e+02,1
-1.24692694e+01,3.07259855e+02,0
-2.20218255e+01,3.86761395e+02,0
5.48698463e+01,3.08321966e+02,1
4.32661081e+01,3.22714155e+02,1
-1.64020808e+01,3.30634111e+02,0
-1.67654603e+01,3.22334365e+02,0
-1.68836649e+01,3.62884609e+02,0
4.90626754e+01,3.16009932e+02,1
-1.05195866e+01,3.51678544e+02,0
3.15368286e+01,3.72745899e+02,1
-5.48640018e+00,3.29564115e+02,0
-1.87048928e+01,3.69532522e+02,0
5.96566598e+01,3.05242789e+02,1
-1.79145421e+01,3.52569749e+02,0
-1.05132913e+01,3.15997815e+02,0
-5.92909385e+00,3.26153013e+02,0
-8.96573755e+00,3.10248404e+02,0
-1.53560793e+01,3.39274136e+02,0
3.25320360e+01,3.71355218e+02,1
-2.83093281e+00,3.00582878e+02,0
-9.91722586e+00,2.88759350e+02,0
5.11250442e+01,3.26029546e+02,1
4.13258919e+01,3.27306722e+02,1
5.65026132e+01,3.04855724e+02,1
-1.78979517e+01,3.97498584e+02,0
4.77839226e+01,3.28000061e+02,1
4.60013734e+01,3.38337414e+02,1
4.67556278e+01,3.34010781e+02,1
6.22436280e+01,2.89753302e+02,1
3.32380085e+01,3.50451494e+02,1
-1.73664520e+01,3.69197490e+02,0
-1.08937300e+01,3.14695964e+02,0
4.02295879e+01,3.55904750e+02,1
3.82202544e+01,3.43627882e+02,1
5.36426957e+01,3.28140963e+02,1
4.18456476e+01,3.37287993e+02,1
-9.80544630e+00,2.74263959e+02,0
-2.49671100e+01,4.01646543e+02,0
-1.86266112e+01,3.68355237e+02,0
-1.27839054e+01,3.27001141e+02,0
-9.70023709e+00,3.04013194e+02,0
4.17215041e+01,3.39584586e+02,1
4.59122955e+01,3.39702949e+02,1
-1.29157637e+01,3.06897462e+02,0
4.83626333e+01,3.37931952e+02,1
5.55403521e+01,3.10100529e+02,1
4.64691809e+01,3.28533856e+02,1
-1.85503913e+01,3.86855093e+02,0
-2.16425094e+01,3.92506350e+02,0
4.69443926e+01,3.22718832e+02,1
4.18546596e+01,3.41775853e+02,1
5.26218037e+01,3.13659813e+02,1
-1.61093289e+01,3.12360217e+02,0
-1.68596996e+00,2.57915670e+02,0
7.00327763e+01,2.92380254e+02,1
4.05329574e+01,3.45221508e+02,1
4.74565184e+01,3.20319178e+02,1
4.51420343e+01,3.36242334e+02,1
-1.44400159e+01,3.33386420e+02,0
5.11610649e+01,3.25110647e+02,1
-5.48316470e+00,3.15257065e+02,0
-6.73670922e+00,3.16549170e+02,0
-1.49144930e+01,3.41012676e+02,0
-1.54764769e+01,3.78955898e+02,0
4.46043807e+01,3.40863353e+02,1
-9.45262601e+00,3.02355385e+02,0
5.16970448e+01,3.03568929e+02,1
5.09490034e+01,3.19136192e+02,1
4.66536213e+01,3.35271024e+02,1
-1.24906599e+01,3.25373841e+02,0
-2.38067632e+01,3.49915453e+02,0
-1.40103181e+01,3.42569611e+02,0
-1.06226304e+01,3.39733218e+02,0
-1.36228084e+01,3.86642720e+02,0
4.06180088e+01,3.40022159e+02,1
5.84672792e+01,3.08404543e+02,1
3.57621622e+01,3.70898824e+02,1
5.15066682e+01,3.11263073e+02,1
-1.96602055e+01,3.74683512e+02,0
4.68051840e+01,3.42322352e+02,1
4.02159392e+01,3.52030064e+02,1
-9.21538751e+00,3.16537677e+02,0
3.67067199e+01,3.59973306e+02,1
5.13621960e+01,3.32221524e+02,1
-1.86069953e+01,3.41295768e+02,0
-1.82624021e+01,3.59199397e+02,0
3.02197891e+01,3.58751284e+02,1
4.76538510e+01,3.14939244e+02,1
-9.17173792e+00,3.41503982e+02,0
-5.89151168e+00,2.87061627e+02,0
-8.51042063e+00,3.02772895e+02,0
5.26242107e+01,3.03195038e+02,1
-9.36743700e+00,3.30427459e+02,0
2.96227123e+01,3.77534992e+02,1
-1.41910405e+01,3.02561101e+02,0
-1.22047773e+01,3.12322252e+02,0
4.84933671e+01,3.05658840e+02,1
4.36369986e+01,3.41927087e+02,1
3.00744858e+01,3.79476307e+02,1
3.61949939e+01,3.49178006e+02,1
5.53958523e+01,3.15634623e+02,1
-9.17764676e+00,3.25416249e+02,0
5.28309897e+01,3.16560496e+02,1
-4.26449397e+00,3.09019817e+02,0
4.16818580e+01,3.33919996e+02,1
3.63456617e+01,3.62158584e+02,1
-1.81612398e+01,3.36962562e+02,0
5.40271040e+01,3.33212958e+02,1
-1.85937793e+01,3.68492985e+02,0
